Index,Value
0,474.8292000000001
1,487.22670000000005
2,463.4474000000001
3,452.18390000000005
4,477.8994000000002
5,437.2508999999999
6,449.6700000000006
7,468.55590000000024
8,460.1935000000004
9,432.37440000000015
10,454.7521000000004
11,454.8325999999999
12,444.2122
13,440.2945
14,450.7384
15,473.20799999999974
16,435.79190000000045
17,463.6253999999998
18,477.06639999999993
19,473.4575000000004
20,431.5790000000003
21,462.14749999999964
22,450.3272999999995
23,448.81339999999994
24,474.7619000000001
25,431.6644000000004
26,433.7608000000003
27,474.87180000000023
28,469.6884999999999
29,486.32689999999997
30,460.36929999999955
31,448.7597999999998
32,477.56009999999986
33,436.5298000000002
34,480.5596
35,482.2602999999999
36,432.1547000000004
37,465.3709000000001
38,480.0513
39,448.8433000000001
40,437.95549999999986
41,488.83149999999955
42,444.2512000000001
43,474.8454
44,433.3193000000003
45,428.9050000000001
46,450.8482999999997
47,431.4575000000006
48,433.31500000000005
49,475.6268999999998
50,463.51659999999947
51,455.5620000000004
52,445.7212000000001
53,474.76460000000037
54,448.94060000000013
55,427.6957000000002
56,480.5442000000002
57,441.1166999999998
58,446.29089999999997
59,464.64369999999997
60,452.57790000000006
61,483.76449999999966
62,479.82759999999985
63,449.81139999999976
64,447.0241000000005
65,484.5859000000002
66,438.2533999999999
67,431.9099000000001
68,479.48629999999963
69,473.6686999999997
70,438.6834999999997
71,475.61170000000027
72,447.67670000000015
73,471.4607999999999
74,463.2552000000004
75,451.2943999999997
76,469.9493000000004
77,474.4024999999998
78,485.3844
79,463.35390000000035
80,434.6624000000001
81,447.5369000000004
82,442.6598999999999
83,439.42749999999984
84,444.5831000000003
85,431.4336000000003
86,476.55090000000035
87,444.4092000000004
88,441.0346000000001
89,432.18080000000015
90,485.1367999999999
91,443.3754
92,478.7417
93,446.4627000000004
94,486.1222999999998
95,434.3907000000001
96,481.50479999999965
97,432.46270000000004
98,439.6689
99,454.0986999999997
100,457.11569999999983
101,451.1796000000005
102,440.0214000000001
103,468.1839999999998
104,435.9826000000004
105,451.7292999999999
106,480.98169999999993
107,483.3556999999998
108,484.36369999999994
109,462.2527000000001
110,443.6493000000005
111,484.9265000000004
112,434.0208000000003
113,441.18800000000005
114,480.9477999999997
115,479.02700000000056
116,484.655
117,488.9289999999996
118,441.86430000000024
119,451.63839999999976
120,436.8204000000002
121,433.12779999999975
122,474.9315999999999
123,449.13249999999977
124,433.3118000000002
125,450.12510000000003
126,442.5420999999996
127,433.6777000000002
128,432.73479999999984
129,465.12270000000007
130,451.5880999999998
131,449.66719999999987
132,463.7146999999999
133,433.36669999999947
134,447.2291000000004
135,435.39179999999993
136,462.13220000000024
137,437.7986
138,456.12839999999994
139,441.70450000000056
140,444.6894000000006
141,443.9364
142,446.49990000000014
143,488.6382999999997
144,438.07579999999996
145,463.91189999999995
146,443.54590000000013
147,429.57100000000014
148,477.50980000000027
149,453.0439000000005
150,435.0372
151,442.0436999999999
152,473.72299999999996
153,432.1957000000003
154,465.86880000000014
155,432.89589999999987
156,454.8193000000002
157,433.96259999999995
158,462.2327999999998
159,435.11770000000035
160,441.2929000000003
161,441.8575000000003
162,437.20370000000025
163,437.6651000000001
164,463.7973
165,451.6879000000001
166,483.31070000000005
167,428.44979999999987
168,484.22519999999963
169,429.5826000000002
170,436.5475000000003
171,441.25220000000047
172,452.7083999999996
173,443.5637000000001
174,489.5030999999997
175,468.1760000000003
176,466.5195999999996
177,480.69399999999973
178,429.56869999999986
179,450.74759999999986
180,489.9217999999998
181,451.7351000000002
182,446.1632
183,435.37289999999973
184,432.4889000000002
185,483.49930000000006
186,474.80320000000023
187,436.1040000000002
188,467.2105000000001
189,474.13179999999966
190,483.1462000000001
191,468.24890000000016
192,488.0006999999998
193,447.5702000000001
194,466.1757
195,434.2162999999999
196,432.28919999999994
197,447.3531000000001
198,477.45439999999985
199,478.8244000000005
200,449.1595
201,445.36060000000015
202,459.49139999999966
203,470.4719999999995
204,433.60849999999954
205,454.9139999999997
206,466.1033000000001
207,447.0255000000003
208,450.03660000000013
209,428.84639999999956
210,478.7910000000001
211,466.3462999999996
212,448.7258999999995
213,464.6033999999995
214,470.6974000000001
215,465.7498999999997
216,459.6653
217,448.53400000000016
218,449.86640000000045
219,488.55089999999973
220,490.99419999999964
221,482.73380000000043
222,475.64209999999986
223,454.23870000000034
224,439.4149000000002
225,468.5157999999998
226,463.0139
227,483.44300000000004
228,439.19519999999994
229,484.4002999999997
230,433.59159999999997
231,461.99499999999995
232,445.6697000000004
233,445.3824999999997
234,433.026
235,463.9789999999997
236,470.2941
237,441.75610000000023
238,475.5688000000001
239,479.1481000000004
240,431.5868999999998
241,471.38430000000017
242,457.02299999999974
243,433.5489
244,465.6400000000001
245,471.2797999999999
246,475.17229999999995
247,461.83589999999975
248,431.87509999999986
249,447.7768999999999
250,445.36110000000014
251,445.8545999999999
252,435.79660000000024
253,456.5071000000004
254,441.00090000000023
255,477.5335999999997
256,443.8591000000002
257,467.48100000000005
258,453.72959999999983
259,478.8439000000001
260,480.2699
261,455.7642999999997
262,462.80209999999994
263,474.58909999999975
264,451.2123
265,471.1364999999998
266,473.3067
267,479.05840000000035
268,476.61869999999993
269,448.42569999999984
270,467.09229999999997
271,437.7481000000002
272,452.88680000000005
273,484.09079999999966
274,452.7360999999999
275,475.16610000000054
276,451.36210000000005
277,443.11529999999993
278,481.7772999999999
279,441.7033
280,463.8244
281,442.3392000000003
282,434.50130000000047
283,449.66029999999984
284,434.90039999999976
285,472.36800000000005
286,442.4829999999999
287,464.03060000000005
288,434.05150000000003
289,452.7346000000002
290,469.37880000000047
291,465.27020000000005
292,436.2548000000003
293,462.5898000000003
294,465.5269000000006
295,439.5176999999998
296,430.64560000000006
297,486.22779999999983
298,444.6576000000002
299,431.4958000000001
300,443.16079999999994
301,459.8517999999999
302,471.3628999999996
303,445.4110999999999
304,483.24539999999996
305,438.29749999999973
306,468.2909999999998
307,429.5389000000001
308,450.0978999999998
309,441.9168000000001
310,459.9964999999998
311,458.8484000000002
312,461.7056000000002
313,433.73879999999997
314,442.21560000000056
315,443.9799000000001
316,433.1482999999998
317,433.3306000000001
318,438.7672
319,465.03809999999976
320,437.0780999999998
321,466.17989999999963
322,435.6059000000002
323,479.91549999999995
324,442.74549999999994
325,477.43290000000025
326,472.5507999999995
327,432.19569999999993
328,478.42049999999995
329,433.7457
330,467.9726999999996
331,443.99830000000003
332,439.4645000000002
333,436.6463000000001
334,439.73749999999995
335,443.62640000000005
336,449.32160000000005
337,464.80829999999975
338,449.8988999999998
339,466.92540000000037
340,463.3634000000002
341,453.23060000000004
342,446.31850000000026
343,428.62239999999997
344,472.5437999999998
345,437.9695999999998
346,461.93219999999934
347,486.0713999999999
348,444.87300000000045
349,460.51429999999993
350,442.2089000000003
351,466.3677999999998
352,482.47020000000003
353,440.8558000000002
354,466.2478999999996
355,463.4358999999999
356,436.19119999999987
357,470.3108000000003
358,447.37550000000005
359,434.86319999999984
360,469.46059999999966
361,457.44509999999985
362,439.54969999999963
363,456.04779999999977
364,433.2124999999999
365,454.52490000000006
366,478.18379999999985
367,445.36770000000024
368,468.0948
369,438.4241
370,431.97710000000006
371,466.7871999999998
372,466.5999000000003
373,463.2288000000001
374,442.9481999999999
375,438.1490999999998
376,450.85229999999996
377,440.81379999999984
378,479.5351000000003
379,430.2879000000001
380,432.91959999999983
381,461.24640000000005
382,472.1966999999997
383,463.22310000000004
384,469.1670999999998
385,474.8514000000004
386,466.5171999999999
387,471.77139999999997
388,441.24879999999996
389,429.63610000000017
390,465.2953
391,444.22029999999984
392,432.08669999999984
393,435.6684
394,468.89439999999956
395,475.9881000000002
396,446.7651000000003
397,484.8066999999999
398,432.3348
399,435.4499000000001
400,479.46700000000027
401,445.8558999999998
402,469.3458999999998
403,448.13370000000015
404,464.32309999999967
405,462.31460000000004
406,444.3289000000004
407,486.30829999999975
408,460.57559999999995
409,443.2178000000002
410,470.0479000000001
411,435.51149999999984
412,443.0067000000001
413,455.3521999999999
414,435.5391000000003
415,467.36969999999997
416,480.29919999999976
417,456.0329000000001
418,442.74750000000034
419,477.1135999999996
420,449.5921000000001
421,455.73279999999994
422,429.8458000000004
423,462.78480000000013
424,478.63389999999976
425,434.66609999999963
426,440.0565000000003
427,434.25850000000014
428,446.8390999999996
429,433.43369999999976
430,447.8119000000003
431,478.1867999999998
432,436.52860000000015
433,460.2273000000004
434,466.9544000000001
435,444.1476999999999
436,470.0898000000004
437,432.94229999999993
438,436.61109999999974
439,486.251
440,439.8918999999998
441,479.6600999999999
442,476.15980000000013
443,470.70300000000003
444,439.63459999999986
445,435.28660000000013
446,441.98030000000006
447,450.83790000000016
448,439.60970000000054
449,429.71360000000016
450,455.2134999999999
451,440.3743
452,457.8254
453,454.5229000000006
454,475.56889999999964
455,463.7114000000003
456,476.4534999999996
457,439.3420000000002
458,471.8252000000001
459,477.6222999999999
460,466.18389999999994
461,442.2643000000002
462,457.1849999999995
463,459.93540000000013
464,435.7671000000002
465,459.41889999999984
466,451.1634000000002
467,450.2407999999998
468,441.6922999999998
469,438.02430000000015
470,480.53369999999995
471,436.9908000000004
472,451.7720999999999
473,474.13560000000007
474,453.4810999999995
475,454.7846999999998
476,465.25989999999996
477,479.3723000000001
478,466.41739999999953
479,430.07700000000006
480,473.29920000000016
481,475.7759000000002
482,440.21310000000034
483,446.6240999999998
484,462.44910000000016
485,433.0141999999999
486,479.10869999999994
487,461.53819999999985
488,442.3570000000002
489,459.4215000000004
490,439.6717000000002
491,443.2664999999999
492,433.5475999999999
493,429.77279999999996
494,439.34179999999964
495,469.17959999999994
496,448.6040999999999
497,476.4146000000001
498,464.7883000000001
499,485.4265999999997
500,449.6520000000005
501,445.6959999999999
502,479.18960000000015
503,445.05260000000004
504,442.8547000000001
505,446.2801000000001
506,475.02670000000006
507,434.43169999999964
508,454.1525000000007
509,435.36779999999976
510,483.14989999999955
511,442.42689999999993
512,445.61010000000005
513,441.9428000000002
514,441.0569000000001
515,466.48939999999993
516,467.7094999999995
517,451.2710999999999
518,440.7687000000003
519,437.89919999999984
520,468.2252000000002
521,464.7345999999998
522,473.24300000000005
523,439.182
524,441.3229
525,476.39929999999964
526,431.7601
527,473.06639999999976
528,483.9563999999998
529,455.6809999999998
530,464.69709999999975
531,467.3142999999998
532,468.2917000000003
533,471.4394999999999
534,473.8506999999999
535,479.38640000000026
536,453.26279999999974
537,439.25900000000007
538,439.00159999999994
539,475.2167000000001
540,442.0105000000001
541,465.36470000000014
542,439.94070000000005
543,435.93619999999976
544,453.1500000000001
545,433.6571999999998
546,437.6496999999999
547,481.75770000000017
548,476.74960000000044
549,436.6219000000003
550,435.75660000000016
551,488.00800000000004
552,455.9072999999998
553,437.4328000000003
554,434.4484000000003
555,451.1789000000003
556,452.75269999999983
557,475.3019999999999
558,478.7967000000003
559,461.0391000000002
560,458.8560999999995
561,485.33660000000003
562,436.4448
563,432.6585999999999
564,450.14430000000016
565,477.9724000000003
566,454.0929
567,482.7228000000003
568,446.50289999999984
569,449.58200000000033
570,460.3619000000001
571,465.2973999999999
572,483.0899000000001
573,484.4196
574,465.4964
575,435.4173
576,459.4097999999999
577,448.2252999999998
578,437.9842000000002
579,431.69200000000006
580,444.73400000000004
581,465.11049999999994
582,443.73239999999976
583,438.1572000000002
584,435.18030000000016
585,483.8987999999999
586,459.5288000000004
587,468.0821000000001
588,468.1237999999999
589,433.8298
590,468.10740000000004
591,439.9791000000003
592,464.67469999999986
593,463.4261000000001
594,478.55980000000005
595,443.7042000000001
596,443.8314
597,452.38619999999986
598,473.8374000000001
599,446.3672
600,446.09389999999956
601,466.9672
602,482.5143
603,474.1113000000004
604,446.1487000000001
605,442.5034999999999
606,441.1907999999998
607,464.7397999999996
608,432.4775000000002
609,445.48800000000034
610,435.25169999999997
611,468.5089999999998
612,460.91209999999984
613,464.3079000000003
614,433.3839000000002
615,436.22349999999983
616,476.23799999999983
617,463.5104000000003
618,454.54530000000005
619,434.08889999999985
620,460.5852999999997
621,479.5653000000004
622,439.10570000000007
623,466.86509999999987
624,443.8139
625,434.13090000000017
626,482.25430000000017
627,430.5625999999998
628,449.6990999999998
629,428.9325
630,436.26190000000025
631,444.66010000000017
632,450.89850000000007
633,458.1799999999997
634,433.2107999999999
635,455.3191000000003
636,483.6738
637,435.5565
638,470.61570000000046
639,439.85190000000034
640,436.9984999999999
641,476.3938999999999
642,437.4439
643,434.75919999999974
644,466.21490000000006
645,444.1969999999996
646,461.1496000000004
647,448.7132000000001
648,444.9308999999999
649,458.11230000000023
650,482.8535000000002
651,433.7757000000006
652,477.67049999999983
653,437.4613999999999
654,442.07680000000045
655,463.3053999999998
656,447.82000000000016
657,443.49829999999986
658,461.6962000000001
659,440.85889999999995
660,463.1349000000001
661,449.86669999999964
662,441.6858
663,454.4195000000002
664,438.0044000000004
665,483.7890999999998
666,467.8029
667,445.32880000000006
668,479.1486999999999
669,462.04879999999963
670,468.95319999999975
671,464.3807999999995
672,440.8545999999999
673,442.2083
674,476.8479000000002
675,449.6502000000004
676,443.46420000000006
677,466.48810000000003
678,453.11389999999994
679,438.2717000000001
680,448.0438
681,479.54720000000015
682,466.5948000000003
683,471.64920000000006
684,449.6311000000003
685,431.4683000000001
686,435.5282000000006
687,476.5499999999998
688,442.8312000000005
689,483.6418999999998
690,455.1854999999998
691,455.1592000000004
692,463.34549999999973
693,485.44440000000026
694,439.5215000000002
695,436.08059999999983
696,443.22799999999984
697,436.01999999999987
698,450.62300000000005
699,458.655
700,471.43169999999975
701,438.9660999999996
702,438.36789999999985
703,439.27889999999985
704,433.1853
705,435.52829999999994
706,442.6143999999999
707,444.6653
708,443.72270000000003
709,481.39100000000013
710,441.6112000000001
711,451.3919000000001
712,475.8186999999996
713,446.4216000000001
714,468.0308999999999
715,459.1592
716,470.51389999999986
717,455.70079999999996
718,448.7723999999999
719,448.29749999999984
720,436.7641000000001
721,470.5795999999998
722,438.7352999999997
723,429.9723999999997
724,432.7377000000002
725,431.82169999999974
726,484.21079999999995
727,450.5803000000003
728,449.8005999999997
729,468.63239999999973
730,458.75050000000033
731,469.81129999999973
732,478.4779000000001
733,445.4213999999997
734,484.0194999999999
735,437.77000000000015
736,470.9361000000001
737,440.4578999999999
738,464.06149999999985
739,454.5040999999998
740,481.8409
741,482.2465000000006
742,450.37110000000024
743,440.02729999999997
744,465.2809999999999
745,432.9907999999999
746,453.25089999999966
747,444.69280000000026
748,442.34619999999995
749,480.6478000000003
750,445.90930000000014
751,439.76139999999964
752,446.1634
753,447.32009999999985
754,484.1777
755,471.25050000000005
756,461.7014
757,447.0386000000001
758,460.1467
759,472.06000000000006
760,478.66529999999983
761,469.41900000000015
762,479.2504999999999
763,480.0364
764,438.68649999999974
765,455.8783999999996
766,455.2570000000004
767,454.89119999999974
768,463.9356999999998
769,434.36980000000005
770,443.9540000000002
771,432.24749999999966
772,451.23709999999994
773,440.9685000000003
774,447.1353
775,479.85160000000013
776,434.65679999999986
777,442.5855999999996
778,442.3726000000001
779,437.9125999999997
780,443.05069999999995
781,441.7100999999997
782,448.4753999999999
783,430.4517000000006
784,443.8008000000002
785,483.2667999999999
786,432.51119999999975
787,485.0868999999998
788,457.74539999999996
789,473.69759999999985
790,434.7445
791,431.98169999999976
792,436.66400000000016
793,480.70849999999984
794,434.0276
795,434.20610000000045
796,440.52029999999985
797,467.5617000000002
798,480.2218999999999
799,465.31269999999995
800,459.73389999999995
801,478.96250000000015
802,470.9914999999996
803,468.2797
804,469.1567000000001
805,449.92519999999985
806,484.9217999999992
807,432.4495000000001
808,439.1092999999998
809,432.49760000000043
810,471.92490000000004
811,455.4817999999998
812,443.3830999999996
813,484.1726000000001
814,434.6129
815,441.74070000000006
816,446.5480999999998
817,455.4201999999997
818,455.17990000000015
819,455.5205000000002
820,434.9851999999996
821,443.52819999999997
822,465.00589999999977
823,438.60990000000027
824,465.33669999999967
825,452.9866999999998
826,458.54470000000003
827,466.3608000000001
828,468.08140000000026
829,436.3664
830,450.5613999999997
831,434.2235999999997
832,477.6379000000002
833,460.73849999999993
834,479.3223999999997
835,433.92499999999984
836,473.1308
837,444.74749999999983
838,435.6387
839,438.7331
840,447.80110000000025
841,470.7195999999999
842,447.3105999999997
843,444.1613999999998
844,436.0503000000002
845,473.0365
846,472.80840000000006
847,437.1563
848,471.4702999999998
849,479.89380000000006
850,444.1658000000002
851,462.575
852,446.41729999999984
853,480.84559999999976
854,436.6642000000003
855,433.9727000000001
856,440.5614
857,435.72569999999956
858,435.8090999999999
859,438.45330000000007
860,456.9520999999999
861,446.4930000000001
862,432.83940000000007
863,484.51230000000015
864,464.42990000000015
865,470.02770000000004
866,481.4434000000001
867,488.1218999999999
868,444.8061000000001
869,449.6379000000002
870,442.71819999999985
871,442.24349999999976
872,465.26669999999984
873,481.42479999999983
874,439.26910000000004
875,427.68469999999974
876,439.3545999999999
877,459.0309
878,460.1696999999997
879,434.18640000000033
880,450.0342000000003
881,449.3342999999997
882,470.68019999999984
883,457.0753999999998
884,485.60280000000006
885,467.1098
886,433.6318000000002
887,431.8542000000001
888,430.2049000000001
889,446.60370000000023
890,441.1504
891,456.9037000000001
892,463.4449999999997
893,473.95099999999985
894,444.27209999999997
895,485.8219999999998
896,466.7042000000002
897,440.2719000000002
898,468.53990000000005
899,436.65439999999995
900,433.9747999999996
901,463.44189999999975
902,446.89239999999984
903,483.2935000000002
904,454.42499999999984
905,475.8434000000007
906,490.6880000000003
907,438.7805999999995
908,433.70980000000003
909,477.01280000000014
910,468.4586999999995
911,436.18719999999985
912,458.79120000000023
913,485.09479999999974
914,452.56749999999994
915,469.0209000000004
916,437.6808000000001
917,476.1284000000001
918,485.1874000000002
919,479.19620000000015
920,464.66929999999974
921,450.74970000000013
922,445.13910000000016
923,434.92339999999996
924,452.1513999999997
925,438.49150000000003
926,479.3287000000003
927,464.0973999999998
928,444.70829999999995
929,483.6236000000006
930,462.8330999999994
931,455.93890000000005
932,468.9228000000002
933,435.9725999999996
934,436.5167999999999
935,474.81460000000027
936,475.23200000000054
937,434.60159999999996
938,463.73579999999987
939,480.9584000000004
940,469.52019999999976
941,462.11989999999986
942,476.3291000000004
943,435.0856999999998
944,428.35950000000014
945,467.5918999999997
946,481.32749999999965
947,451.1941999999999
948,468.74680000000035
949,482.5544999999997
950,485.87700000000035
951,438.18460000000016
952,431.9975000000002
953,433.48859999999985
954,463.0900000000001
955,441.3423000000001
956,428.99410000000006
957,450.7920999999997
958,459.0626999999999
959,451.85220000000015
960,433.51759999999996
961,470.2968999999999
962,485.8524000000002
963,438.7152999999999
964,465.7695999999999
965,448.7784999999998
966,465.1208999999996
967,450.4081000000003
968,444.27020000000016
969,439.21360000000016
970,477.7787000000002
971,480.7153999999995
972,476.93920000000037
973,442.6558
974,475.93619999999993
975,467.35089999999997
976,429.27100000000013
977,431.3387999999999
978,453.0444999999998
979,483.63039999999995
980,433.3385
981,466.93249999999983
982,484.2403
983,466.26740000000007
984,464.6885
985,464.2747999999998
986,476.00169999999997
987,441.3170000000007
988,471.4443999999998
989,454.8555999999997
990,434.3356000000001
991,455.3525999999996
992,445.3493
993,437.32010000000025
994,442.8318999999999
995,445.0679000000002
996,441.82489999999996
997,447.3669000000002
998,475.5590000000001
999,483.4769000000001
1000,442.63700000000017
1001,469.43760000000015
1002,441.24580000000014
1003,443.9782999999999
1004,481.26529999999985
1005,438.9631999999996
1006,438.15950000000004
1007,469.9802999999997
1008,437.5286000000002
1009,448.3378
1010,448.17759999999976
1011,451.06900000000036
1012,431.4778
1013,462.30709999999976
1014,439.2995
1015,440.06169999999986
1016,449.75150000000025
1017,460.58399999999943
1018,459.7608000000002
1019,438.14820000000014
1020,470.55300000000005
1021,480.4481000000003
1022,432.51279999999986
1023,442.23290000000014
1024,439.3061999999999
1025,453.85029999999955
1026,477.4771999999997
1027,449.50100000000015
1028,448.2723999999999
1029,432.0261999999998
1030,455.68190000000004
1031,479.17969999999985
1032,441.2792999999997
1033,433.1516000000001
1034,458.79769999999985
1035,443.97830000000044
1036,449.93529999999987
1037,453.33469999999994
1038,470.8441999999998
1039,433.25939999999997
1040,479.27920000000034
1041,475.9379999999998
1042,443.6741999999998
1043,443.30410000000006
1044,466.70869999999996
1045,464.25059999999974
1046,468.02060000000006
1047,432.2602000000003
1048,435.5762000000005
1049,433.0898999999998
1050,452.3537
1051,446.8429999999999
1052,481.9634
1053,450.3208999999998
1054,441.9586
1055,479.8506000000001
1056,475.9565000000003
1057,449.0749000000002
1058,445.57369999999986
1059,484.9690999999999
1060,433.1694000000002
1061,472.2159999999999
1062,443.37220000000025
1063,461.1123999999994
1064,442.87230000000034
1065,438.7519000000004
1066,463.3574
1067,439.9369000000001
1068,471.72810000000004
1069,436.41740000000027
1070,467.56480000000016
1071,476.35540000000054
1072,440.9071000000001
1073,463.44579999999974
1074,435.93169999999975
1075,481.7036999999997
1076,465.21119999999996
1077,464.2221000000001
1078,437.1407000000001
1079,438.9459999999997
1080,464.4509999999996
1081,449.25989999999996
1082,478.09640000000036
1083,467.64249999999987
1084,441.6782999999998
1085,434.39160000000015
1086,431.0098000000003
1087,487.1417999999999
1088,472.42930000000007
1089,436.2311999999996
1090,446.6279000000003
1091,445.4920999999998
1092,446.1014999999996
1093,441.39749999999987
1094,435.2938
1095,463.58819999999946
1096,456.9717000000005
1097,436.4623000000001
1098,437.9088000000005
1099,444.6742000000003
1100,439.4002
1101,435.61779999999993
1102,439.2164
1103,452.7101999999999
1104,466.9914999999999
1105,444.2722999999997
1106,433.40000000000043
1107,435.36009999999993
1108,445.9019000000004
1109,428.4855000000004
1110,438.26039999999995
1111,486.33490000000006
1112,433.1429999999998
1113,445.57870000000037
1114,452.7833
1115,448.2873000000002
1116,454.7421
1117,448.0330999999998
1118,484.6303999999998
1119,435.8514000000003
1120,433.0899999999999
1121,438.61249999999984
1122,451.5500999999998
1123,432.0195
1124,453.12349999999986
1125,456.0327
1126,472.37999999999994
1127,443.7366000000002
1128,485.5798
1129,452.46159999999986
1130,440.1266000000004
1131,447.6463
1132,465.0030000000003
1133,474.9339999999998
1134,462.0885999999998
1135,446.2208999999999
1136,444.34839999999997
1137,470.5642999999995
1138,465.81570000000016
1139,467.2755999999997
1140,446.36180000000024
1141,456.20719999999994
1142,432.1656000000003
1143,455.78560000000004
1144,460.21969999999993
1145,466.9066
1146,464.68819999999994
1147,432.75419999999997
1148,442.3422
1149,435.6030000000002
1150,460.14330000000007
1151,436.18030000000005
1152,452.5336999999998
1153,435.2201999999997
1154,463.01229999999975
1155,440.88900000000035
1156,472.3693
1157,472.1377
1158,478.31269999999984
1159,472.57660000000016
1160,466.5521999999993
1161,430.68450000000047
1162,440.4445999999997
1163,442.86830000000003
1164,447.2886000000002
1165,469.87679999999983
1166,445.34870000000024
1167,482.2296000000003
1168,440.5036000000002
1169,432.67279999999977
1170,451.79789999999986
1171,446.6581000000001
1172,465.27139999999986
1173,436.6271000000002
1174,434.5493999999999
1175,443.17319999999995
1176,459.3445000000003
1177,474.63560000000035
1178,451.1576999999997
1179,463.8344999999999
1180,465.9447000000002
1181,435.19889999999975
1182,455.38099999999963
1183,434.7629999999998
1184,434.7634
1185,440.8014
1186,435.6934000000001
1187,452.39119999999997
1188,442.3038000000004
1189,449.1168000000001
1190,455.0842000000001
1191,448.65010000000007
1192,456.36990000000003
1193,435.8950999999999
1194,445.2118
1195,441.89270000000005
1196,443.4754000000001
1197,463.9178000000003
1198,442.7025000000001
1199,432.67759999999987
1200,439.6648000000001
1201,439.14110000000045
1202,456.0559999999998
1203,483.2446999999992
1204,438.66569999999984
1205,470.53549999999944
1206,471.32770000000005
1207,455.5449999999999
1208,435.1411
1209,485.5994000000001
1210,468.0070999999997
1211,464.1062999999999
1212,470.2109000000001
1213,433.06499999999994
1214,483.5479
1215,468.30370000000016
1216,468.7175999999998
1217,483.27609999999993
1218,453.4221999999998
1219,446.85729999999995
1220,476.06759999999974
1221,436.00210000000015
1222,433.23140000000024
1223,453.2609999999999
1224,441.89300000000026
1225,430.6053000000003
1226,438.05200000000025
1227,458.9506999999997
1228,452.70029999999986
1229,482.89499999999964
1230,482.81610000000006
1231,430.5410000000002
1232,481.75740000000013
1233,481.4350000000002
1234,449.97849999999977
1235,478.50129999999996
1236,463.8873
1237,440.01569999999987
1238,444.69240000000013
1239,476.5501000000001
1240,464.1329999999995
1241,433.2413999999998
1242,443.66130000000027
1243,436.9812
1244,449.2360999999995
1245,432.9059999999999
1246,478.3155999999999
1247,439.4192999999999
1248,449.0646
1249,440.3790000000003
1250,482.3257
1251,470.8087999999997
1252,438.61730000000006
1253,457.4614999999997
1254,479.01219999999967
1255,435.45630000000017
1256,439.6040000000002
1257,432.02980000000025
1258,433.27869999999973
1259,456.3798000000001
1260,433.90109999999993
1261,467.5354
1262,443.0350000000003
1263,441.6892000000002
1264,429.80139999999983
1265,474.6301999999998
1266,446.44800000000004
1267,441.31420000000026
1268,436.79220000000015
1269,442.9291999999994
1270,485.6749999999997
1271,433.29760000000056
1272,439.0375999999999
1273,432.2511999999998
1274,450.03149999999994
1275,432.7998999999999
1276,433.2078999999997
1277,463.45999999999964
1278,439.4482
1279,463.02929999999964
1280,473.5528
1281,435.7212000000002
1282,432.4473
1283,476.1060000000002
1284,439.5953999999997
1285,446.0291000000001
1286,454.14049999999986
1287,468.1664999999998
1288,432.8134999999997
1289,432.57100000000014
1290,439.32369999999975
1291,472.63459999999947
1292,482.6814
1293,476.6733000000001
1294,444.3903999999999
1295,463.0111999999995
1296,460.0946000000001
1297,448.7096000000003
1298,472.00789999999995
1299,433.78680000000014
1300,473.8035999999996
1301,462.9881
1302,436.45150000000007
1303,469.41079999999994
1304,453.70779999999996
1305,445.81010000000015
1306,486.59479999999974
1307,462.4572000000003
1308,454.2699000000002
1309,435.9019999999997
1310,469.05559999999986
1311,449.8741999999999
1312,473.3868999999998
1313,442.5011
1314,464.2276
1315,462.7626
1316,458.5896000000004
1317,454.7268000000001
1318,476.42190000000005
1319,468.1686
1320,447.5224999999999
1321,478.3214000000005
1322,466.07379999999984
1323,487.13360000000046
1324,438.93650000000054
1325,431.98580000000015
1326,435.28960000000006
1327,440.98180000000013
1328,432.5954999999998
1329,440.13519999999994
1330,431.3190000000003
1331,433.74139999999994
1332,444.32950000000005
1333,431.26709999999997
1334,476.06520000000023
1335,482.49679999999995
1336,432.87159999999994
1337,444.6154
1338,474.34539999999964
1339,473.91049999999973
1340,442.74080000000015
1341,445.0031000000001
1342,482.66079999999994
1343,440.37600000000003
1344,438.1287
1345,435.4317999999998
1346,479.2288
1347,470.4117
1348,448.7841000000002
1349,437.86169999999976
1350,485.82539999999955
1351,475.08599999999984
1352,473.6978
1353,453.7516999999999
1354,479.3451
1355,466.79839999999996
1356,446.8238999999996
1357,445.01829999999995
1358,463.54110000000014
1359,463.83559999999983
1360,466.9678999999996
1361,463.4310000000002
1362,445.0362999999999
1363,472.8469999999999
1364,482.73130000000003
1365,462.5170999999999
1366,441.21660000000026
1367,435.63200000000006
1368,434.94680000000005
1369,452.00119999999987
1370,445.8040000000001
1371,433.5994
1372,441.7502000000002
1373,437.72159999999997
1374,432.97439999999995
1375,434.6328000000001
1376,473.06489999999957
1377,467.3759000000001
1378,460.3039
1379,436.80019999999996
1380,431.89200000000034
1381,476.2471999999998
1382,466.0009000000004
1383,470.3549
1384,478.6658
1385,471.2562999999999
1386,437.07040000000023
1387,442.28700000000026
1388,484.37870000000026
1389,483.27629999999976
1390,464.77270000000004
1391,435.3975
1392,478.3239999999998
1393,443.0376999999999
1394,445.0260000000001
1395,443.5864999999999
1396,468.2186999999999
1397,435.45030000000014
1398,443.1904999999998
1399,445.72890000000024
1400,446.7758000000001
1401,452.9848999999998
1402,435.19189999999986
1403,439.81860000000006
1404,454.5543000000001
1405,449.31889999999987
1406,473.9903999999995
1407,437.99939999999975
1408,439.3645999999995
1409,458.9288999999998
1410,439.6477999999999
1411,453.81390000000005
1412,482.69520000000017
1413,488.1320000000001
1414,429.8496999999998
1415,431.93040000000025
1416,448.67800000000005
1417,444.78910000000064
1418,442.1181
1419,432.76219999999995
1420,467.38630000000006
1421,434.5612000000004
1422,461.82129999999995
1423,437.3114
1424,469.15389999999985
1425,467.3406999999998
1426,440.56320000000005
1427,464.90630000000004
1428,477.62740000000025
1429,481.9153000000001
1430,443.14900000000017
1431,445.90240000000006
1432,453.9469000000005
1433,440.9511000000003
1434,440.94819999999993
1435,447.4762999999999
1436,429.8272999999996
1437,480.2334000000002
1438,439.1381999999997
1439,441.5143
1440,453.3168
1441,432.6532000000003
1442,440.5268000000003
1443,430.33130000000006
1444,484.56620000000015
1445,463.0855000000001
1446,433.8468000000001
1447,445.3966999999996
1448,450.6667
1449,460.035
1450,467.0998999999998
1451,481.28369999999995
1452,442.7464
1453,474.00999999999993
1454,447.84929999999986
1455,483.70819999999964
1456,435.7177000000001
1457,436.65429999999947
1458,453.2702999999999
1459,432.0992999999997
1460,460.87670000000014
1461,453.29959999999994
1462,487.6023999999997
1463,445.61780000000005
1464,442.1503000000001
1465,469.0278
1466,432.9548
1467,442.73340000000013
1468,436.2498999999996
1469,464.39639999999997
1470,456.5981000000001
1471,445.74269999999984
1472,475.4178999999997
1473,476.5996
1474,442.25820000000044
1475,428.3910000000003
1476,444.5843000000001
1477,437.68950000000035
1478,444.8989999999997
1479,433.44120000000004
1480,442.32559999999995
1481,442.78520000000003
1482,439.29709999999994
1483,451.1628000000001
1484,449.22200000000004
1485,454.0587000000001
1486,453.0703999999997
1487,470.56809999999956
1488,468.88190000000003
1489,463.69379999999995
1490,444.7959000000002
1491,438.7037999999999
1492,442.1614999999996
1493,432.89279999999945
1494,469.5561999999996
1495,448.9036999999998
1496,482.467
1497,481.3264999999999
1498,432.9685
1499,429.16080000000017
1500,446.32120000000003
1501,438.2902000000007
1502,442.6121000000001
1503,433.4447000000003
1504,471.8891999999998
1505,444.9330999999999
1506,443.2171000000002
1507,438.7584999999996
1508,432.70369999999946
1509,443.9868000000003
1510,446.54419999999993
1511,481.1019
1512,449.3023999999998
1513,463.39590000000027
1514,467.1251999999996
1515,432.49940000000004
1516,466.779
1517,462.05049999999983
1518,462.49539999999934
1519,436.9863
1520,464.1562
1521,475.52529999999985
1522,464.0864000000004
1523,461.9886999999999
1524,472.1926999999998
1525,444.35499999999973
1526,469.11090000000013
1527,440.2099000000003
1528,445.4367999999998
1529,464.30769999999956
1530,450.1575999999997
1531,431.93499999999995
1532,433.7872
1533,477.0955999999998
1534,482.8795000000004
1535,443.3234
1536,438.88739999999984
1537,446.2705
1538,443.3422
1539,462.0995999999999
1540,476.7464
1541,464.1021999999995
1542,441.68519999999995
1543,477.28149999999994
1544,478.25980000000055
1545,444.9875
1546,442.9174999999998
1547,481.50459999999975
1548,479.7778000000003
1549,448.0118
1550,455.1093000000001
1551,461.82360000000006
1552,442.03610000000003
1553,467.2690000000002
1554,472.7844000000001
1555,443.4208000000002
1556,466.32109999999994
1557,450.7296
1558,478.9191
1559,480.82679999999976
1560,454.7719000000001
1561,439.7525000000002
1562,437.7209
1563,452.99499999999983
1564,448.0914
1565,480.87699999999955
1566,454.5580999999996
1567,479.2339999999997
